<?xml version="1.0" encoding="UTF-8"?>
<project-private xmlns="http://www.netbeans.org/ns/project-private/1">
    <editor-bookmarks xmlns="http://www.netbeans.org/ns/editor-bookmarks/2" lastBookmarkId="0"/>
    <open-files xmlns="http://www.netbeans.org/ns/projectui-open-files/2">
        <group>
            <file>file:/home/kn/NetBeansProjects/project/pokemon/source_code/src/controller/ButtonEvent.java</file>
            <file>file:/home/kn/NetBeansProjects/project/pokemon/source_code/src/controller/Main.java</file>
            <file>file:/home/kn/NetBeansProjects/project/pokemon/source_code/src/controller/Controller.java</file>
            <file>file:/home/kn/NetBeansProjects/project/pokemon/source_code/src/controller/MainFrame.java</file>
            <file>file:/home/kn/NetBeansProjects/project/pokemon/source_code/src/controller/Window.java</file>
            <file>file:/home/kn/NetBeansProjects/project/pokemon/source_code/src/Database/Database.java</file>
        </group>
    </open-files>
</project-private>
